Time (s),Displacement (m)
0.0,0.2009934283060225
0.01001001001001001,0.19573946292232003
0.02002002002002002,0.18556026579715368
0.03003003003003003,0.16832224196050877
0.04004004004004004,0.13939479467751795
0.050050050050050046,0.10861972133928482
0.06006006006006006,0.07737650345293356
0.07007007007007007,0.03820824524314344
0.08008008008008008,-0.0029699377342386536
0.09009009009009009,-0.03926071969596141
0.10010010010010009,-0.07767668926090403
0.11011011011011011,-0.11074132835077082
0.12012012012012012,-0.13775327609219268
0.13013013013013014,-0.16476432442392788
0.14014014014014015,-0.1805038859782171
0.15015015015015015,-0.18712193395639795
0.16016016016016016,-0.18949473718403173
0.17017017017017017,-0.18084174238960699
0.18018018018018017,-0.17011515397240853
0.19019019019019018,-0.1513615336998563
0.20020020020020018,-0.12009124742561195
0.21021021021021022,-0.0932685325822248
0.22022022022022023,-0.059024378098704255
0.23023023023023023,-0.026266067795248586
0.24024024024024024,0.01188411314262976
0.2502502502502503,0.04877777969323083
0.2602602602602603,0.07962130111670129
0.2702702702702703,0.11251642445787484
0.2802802802802803,0.1357206873076999
0.2902902902902903,0.15584715890871623
0.3003003003003003,0.16835622558718163
0.3103103103103103,0.1795423152236585
0.3203203203203203,0.17504276863811766
0.3303303303303303,0.16522698585853
0.34034034034034033,0.15466373822558177
0.35035035035035034,0.13027930909723068
0.36036036036036034,0.10772240772000631
0.37037037037037035,0.07390242387388811
0.38038038038038036,0.042821344583834964
0.39039039039039036,0.011975950898021366
0.40040040040040037,-0.021026796357318998
0.41041041041041043,-0.0550797264046882
0.42042042042042044,-0.08610484357187982
0.43043043043043044,-0.11326731648852366
0.44044044044044045,-0.1377174281645466
0.45045045045045046,-0.1527574156529358
0.46046046046046046,-0.1626438209627971
0.47047047047047047,-0.1634956855201652
0.4804804804804805,-0.16218996641760874
0.4904904904904905,-0.15721197178989413
0.5005005005005005,-0.1378050352382457
0.5105105105105106,-0.11860355047017332
0.5205205205205206,-0.09404365041900022
0.5305305305305306,-0.06283557915732024
0.5405405405405406,-0.031045711658583913
0.5505505505505506,0.0007764562732655998
0.5605605605605606,0.029044875174910757
0.5705705705705706,0.06043820121232492
0.5805805805805806,0.08938127458301387
0.5905905905905906,0.11458148087699642
0.6006006006006006,0.13091174970661598
0.6106106106106106,0.1453383273979484
0.6206206206206206,0.15142880118164645
0.6306306306306306,0.15300469957853025
0.6406406406406406,0.15258103195181708
0.6506506506506506,0.14325667822699967
0.6606606606606606,0.1244796209023798
0.6706706706706707,0.10587874297243592
0.6806806806806807,0.0798757703095501
0.6906906906906907,0.05019100729012868
0.7007007007007007,0.022705213455957447
0.7107107107107107,-0.0050796583738920275
0.7207207207207207,-0.037800663171271745
0.7307307307307307,-0.06243600519895784
0.7407407407407407,-0.09581040065219582
0.7507507507507507,-0.11012974103319285
0.7607607607607607,-0.12818585048158254
0.7707707707707707,-0.14030501854381897
0.7807807807807807,-0.14522152684714376
0.7907907907907907,-0.1492475652317017
0.8008008008008007,-0.13980026676479412
0.8108108108108109,-0.12723760306327894
0.8208208208208209,-0.10858713655040678
0.8308308308308309,-0.09186349094105963
0.8408408408408409,-0.06827947095558949
0.8508508508508509,-0.04104197324012233
0.8608608608608609,-0.010202977693023889
0.8708708708708709,0.016883818404427285
0.8808808808808809,0.042555895514514726
0.8908908908908909,0.07007727157139597
0.9009009009009009,0.09173002417580323
0.9109109109109109,0.11213701983768987
0.9209209209209209,0.12292611405418813
0.9309309309309309,0.132745965665447
0.9409409409409409,0.13630816694056752
0.950950950950951,0.13237252385824166
0.960960960960961,0.1287301131129878
0.970970970970971,0.11645721349844412
0.980980980980981,0.09922719023614071
0.990990990990991,0.07821545726324498
1.001001001001001,0.05235470626678175
1.011011011011011,0.028836744982525947
1.021021021021021,0.0025078449639879884
1.031031031031031,-0.02481184944657628
1.0410410410410411,-0.04879651693729103
1.0510510510510511,-0.07080233828222612
1.0610610610610611,-0.08794086708199778
1.0710710710710711,-0.10765755511981917
1.0810810810810811,-0.1193578711796169
1.0910910910910911,-0.12702410404046938
1.1011011011011012,-0.13261117198094116
1.1111111111111112,-0.125586427814729
1.1211211211211212,-0.11720396805098188
1.1311311311311312,-0.09958647100508389
1.1411411411411412,-0.08803014091042866
1.1511511511511512,-0.06682218348721602
1.1611611611611612,-0.04475319376661464
1.1711711711711712,-0.022683176083043165
1.1811811811811812,0.00689315297477843
1.1911911911911912,0.030682353807051907
1.2012012012012012,0.053974631263462726
1.2112112112112112,0.07151817746912789
1.2212212212212212,0.09400202215075919
1.2312312312312312,0.10248134038296756
1.2412412412412412,0.11624602785447369
1.2512512512512513,0.12458406056121828
1.2612612612612613,0.11852947654935304
1.2712712712712713,0.11488815925055135
1.2812812812812813,0.10714996618905917
1.2912912912912913,0.0926907276374791
1.3013013013013013,0.07372113250867765
1.3113113113113113,0.05716243460374735
1.3213213213213213,0.03299259225917561
1.3313313313313313,0.012933810385924824
1.3413413413413413,-0.013275217776123702
1.3513513513513513,-0.031117655023227997
1.3613613613613613,-0.0570220721961989
1.3713713713713713,-0.07496192949986895
1.3813813813813813,-0.08844569111754601
1.3913913913913913,-0.10457999601799453
1.4014014014014013,-0.10954984329230878
1.4114114114114114,-0.11083732073714961
1.4214214214214214,-0.1155720346663724
1.4314314314314314,-0.10643165177658336
1.4414414414414414,-0.09652004248031112
1.4514514514514514,-0.08193199156105031
1.4614614614614614,-0.06921136313785259
1.4714714714714714,-0.05009858557433796
1.4814814814814814,-0.02539958180733782
1.4914914914914914,-0.003950794319325835
1.5015015015015014,0.017861080733538415
1.5115115115115114,0.039092431791246794
1.5215215215215214,0.056383316161824515
1.5315315315315314,0.07509998610079946
1.5415415415415414,0.0890094895829793
1.5515515515515514,0.09715444352434761
1.5615615615615615,0.10847114331583761
1.5715715715715715,0.1076273390961666
1.5815815815815815,0.10197721638116052
1.5915915915915915,0.09921942885355028
1.6016016016016015,0.08565953972673966
1.6116116116116117,0.07548209854989643
1.6216216216216217,0.05969285790401487
1.6316316316316317,0.03705110075226792
1.6416416416416417,0.020545580358380264
1.6516516516516517,-0.001209925080366499
1.6616616616616617,-0.020799956487462502
1.6716716716716717,-0.03800332070750048
1.6816816816816818,-0.05982318420701833
1.6916916916916918,-0.07587486467122842
1.7017017017017018,-0.08810263723934995
1.7117117117117118,-0.09638153209548286
1.7217217217217218,-0.09949340330939638
1.7317317317317318,-0.09925718005816525
1.7417417417417418,-0.09600531524244865
1.7517517517517518,-0.08770873611337403
1.7617617617617618,-0.07864341501849804
1.7717717717717718,-0.06202394677505472
1.7817817817817818,-0.04924809809410226
1.7917917917917918,-0.025257154856914113
1.8018018018018018,-0.010347247161344055
1.8118118118118118,0.006095152635776722
1.8218218218218218,0.024610218583310733
1.8318318318318318,0.04544401842193689
1.8418418418418419,0.059848141440263236
1.8518518518518519,0.07501395809935224
1.8618618618618619,0.08478955597203433
1.8718718718718719,0.09053687816242172
1.8818818818818819,0.09216587409159042
1.8918918918918919,0.0902469752828699
1.901901901901902,0.08809430579844586
1.911911911911912,0.08290447987016532
1.921921921921922,0.07065602843595513
1.931931931931932,0.05406582108766009
1.941941941941942,0.041091914607720596
1.951951951951952,0.024209416876061002
1.961961961961962,0.003569779166545519
1.971971971971972,-0.01252432982485888
1.981981981981982,-0.03022918111659237
1.991991991991992,-0.04879830929327031
2.002002002002002,-0.059984033993662304
2.012012012012012,-0.07123707187914216
2.022022022022022,-0.07887965104099187
2.032032032032032,-0.08433141313519567
2.042042042042042,-0.09110546133315565
2.052052052052052,-0.0886064564986236
2.062062062062062,-0.0806435845046232
2.0720720720720722,-0.07237972526467418
2.0820820820820822,-0.06125612700232724
2.0920920920920922,-0.04107021020684816
2.1021021021021022,-0.032290470126711816
2.1121121121121122,-0.014609911396025958
2.1221221221221223,0.002117800948166655
2.1321321321321323,0.0184587557880369
2.1421421421421423,0.03265386427477459
2.1521521521521523,0.049477846271780736
2.1621621621621623,0.05906453360377317
2.1721721721721723,0.07027443202254291
2.1821821821821823,0.0770195201081267
2.1921921921921923,0.08223541856726883
2.2022022022022023,0.08748447867831217
2.2122122122122123,0.07660132229176089
2.2222222222222223,0.07601284281468661
2.2322322322322323,0.06279508026583047
2.2422422422422423,0.053898837446781735
2.2522522522522523,0.043749924394225655
2.2622622622622623,0.026881730171494235
2.2722722722722724,0.00883259710616783
2.2822822822822824,-0.006519043490588239
2.2922922922922924,-0.01947508333603282
2.3023023023023024,-0.037086333948456805
2.3123123123123124,-0.04844859672038366
2.3223223223223224,-0.059995709416785316
2.3323323323323324,-0.07011534857152109
2.3423423423423424,-0.07044213843631811
2.3523523523523524,-0.0763595891832974
2.3623623623623624,-0.08146344768902969
2.3723723723723724,-0.07374766751380495
2.3823823823823824,-0.06922879566663541
2.3923923923923924,-0.05733283741855587
2.4024024024024024,-0.04947702660035702
2.4124124124124124,-0.035159163452052236
2.4224224224224224,-0.01967106459282681
2.4324324324324325,-0.0039916903324443516
2.4424424424424425,0.006942449217332692
2.4524524524524525,0.02324838273195379
2.4624624624624625,0.03647399347776784
2.4724724724724725,0.0480270155373818
2.4824824824824825,0.0627165450330942
2.4924924924924925,0.06741416930179248
2.5025025025025025,0.06879186093070756
2.5125125125125125,0.07498386416180156
2.5225225225225225,0.07630199339378911
2.5325325325325325,0.0701738972150887
2.5425425425425425,0.05844316209087825
2.5525525525525525,0.05149305187672439
2.5625625625625625,0.043959625300443964
2.5725725725725725,0.027414563497456336
2.5825825825825826,0.016075053209096513
2.5925925925925926,0.0025987469588578654
2.6026026026026026,-0.014871308525881715
2.6126126126126126,-0.026573302477509348
2.6226226226226226,-0.04521388531154886
2.6326326326326326,-0.05141830146169062
2.6426426426426426,-0.058463726663003535
2.6526526526526526,-0.06666872097530309
2.6626626626626626,-0.06452007708817764
2.6726726726726726,-0.0715311683503055
2.6826826826826826,-0.06769769137253581
2.6926926926926926,-0.062059153860750296
2.7027027027027026,-0.05249744341049934
2.7127127127127126,-0.04916302929503848
2.7227227227227226,-0.03310699605805092
2.7327327327327327,-0.02323169708154356
2.7427427427427427,-0.012206045680890596
2.7527527527527527,0.003994090616638276
2.7627627627627627,0.01655258973954988
2.7727727727727727,0.027291523746023408
2.7827827827827827,0.039737037672874564
2.7927927927927927,0.04826824512912197
2.8028028028028027,0.05668093536981829
2.8128128128128127,0.06288792155405046
2.8228228228228227,0.06735526987426321
2.8328328328328327,0.061752634729290164
2.8428428428428427,0.06598355848391574
2.8528528528528527,0.052867019771898525
2.8628628628628627,0.04930203009917025
2.8728728728728727,0.04170013899110941
2.8828828828828827,0.030463526576146024
2.8928928928928928,0.016929213104831285
2.9029029029029028,0.005401859606785176
2.9129129129129128,-0.007657334321173087
2.9229229229229228,-0.019974450699288347
2.932932932932933,-0.02837637755037699
2.942942942942943,-0.03935482832528636
2.952952952952953,-0.04977403320905727
2.962962962962963,-0.05291679598552571
2.972972972972973,-0.0582017273628627
2.982982982982983,-0.05891810850723698
2.992992992992993,-0.058589450648093754
3.003003003003003,-0.058435923014946926
3.013013013013013,-0.0525929937367356
3.023023023023023,-0.04266712131079163
3.033033033033033,-0.033931299005990796
3.043043043043043,-0.024857444040477558
3.053053053053053,-0.01333969311562216
3.063063063063063,0.0006726953743312631
3.073073073073073,0.008607587029399016
3.083083083083083,0.022075638798459207
3.093093093093093,0.030843728639500096
3.103103103103103,0.03975426824348143
3.113113113113113,0.04965836198425079
3.123123123123123,0.054436504506333916
3.133133133133133,0.05759490449089298
3.143143143143143,0.05950888552320196
3.153153153153153,0.0555987674152044
3.163163163163163,0.05337976281460018
3.173173173173173,0.04581311255279902
3.183183183183183,0.039696840477906926
3.193193193193193,0.02990836792990835
3.203203203203203,0.02035330064149402
3.2132132132132134,0.010618035636634765
3.2232232232232234,-0.0032298113766446256
3.2332332332332334,-0.00827838723342448
3.2432432432432434,-0.024762419830129896
3.2532532532532534,-0.03447876682437727
3.2632632632632634,-0.037684809261770966
3.2732732732732734,-0.04471341500322906
3.2832832832832834,-0.04945199106655439
3.2932932932932935,-0.05179470203458022
3.3033033033033035,-0.053297544933868395
3.3133133133133135,-0.0531678803347815
3.3233233233233235,-0.04729324679461748
3.3333333333333335,-0.04301431332881303
3.3433433433433435,-0.03231350236543817
3.3533533533533535,-0.02585735275123927
3.3633633633633635,-0.01756604172551756
3.3733733733733735,-0.006353372031740502
3.3833833833833835,0.00546552572553825
3.3933933933933935,0.013595325020574384
3.4034034034034035,0.022495247742297365
3.4134134134134135,0.033008424128128384
3.4234234234234235,0.04003158191178427
3.4334334334334335,0.04391912490116032
3.4434434434434436,0.04755154971802077
3.4534534534534536,0.05056053009456965
3.4634634634634636,0.046797099183687255
3.4734734734734736,0.04450125195142779
3.4834834834834836,0.041638597773962664
3.4934934934934936,0.03672788196774859
3.5035035035035036,0.030424831419951056
3.5135135135135136,0.024274836623579585
3.5235235235235236,0.013779758188280963
3.5335335335335336,0.00207872539144802
3.5435435435435436,-0.0073236044429071485
3.5535535535535536,-0.018607693566092903
3.5635635635635636,-0.02522184319024684
3.5735735735735736,-0.033273838461029014
3.5835835835835836,-0.03820198116098607
3.5935935935935936,-0.045058098740487884
3.6036036036036037,-0.045157925207729724
3.6136136136136137,-0.04406382413272969
3.6236236236236237,-0.04639693750189215
3.6336336336336337,-0.04259634893271042
3.6436436436436437,-0.03753526719374957
3.6536536536536537,-0.033721215421403924
3.6636636636636637,-0.02521190294816326
3.6736736736736737,-0.01741317639587585
3.6836836836836837,-0.00839304048669102
3.6936936936936937,-0.0010133257271135792
3.7037037037037037,0.009608856417190986
3.7137137137137137,0.019130617776953067
3.7237237237237237,0.028821780230599486
3.7337337337337337,0.03452955754843324
3.7437437437437437,0.04225804030813788
3.7537537537537538,0.040205062559298635
3.7637637637637638,0.04558157135220793
3.7737737737737738,0.04453992332029557
3.7837837837837838,0.047128955232352866
3.793793793793794,0.038019355262650975
3.803803803803804,0.03329095106080215
3.813813813813814,0.02775190098729421
3.823823823823824,0.01757934134261939
3.833833833833834,0.012840452732996194
3.843843843843844,0.003949100294354977
3.853853853853854,-0.0028067787261087168
3.863863863863864,-0.01080695189040136
3.873873873873874,-0.015596987402385735
3.883883883883884,-0.024474814060974594
3.893893893893894,-0.03345035335196777
3.903903903903904,-0.03868205472243281
3.913913913913914,-0.03898591773896327
3.923923923923924,-0.044079877745146524
3.933933933933934,-0.03758568084614036
3.943943943943944,-0.03705927278192402
3.953953953953954,-0.03697233209521649
3.963963963963964,-0.034669389071029996
3.973973973973974,-0.022539659283190985
3.983983983983984,-0.018524073518777585
3.993993993993994,-0.008194502329422542
4.004004004004004,-0.005870415779574641
4.014014014014014,0.004151237887675352
4.024024024024024,0.013115104366862378
4.034034034034034,0.02036996380535791
4.044044044044044,0.02568333862234498
4.054054054054054,0.033028653686572006
4.064064064064064,0.03354118041154155
4.074074074074074,0.03783462072432948
4.084084084084084,0.03926679188953414
4.094094094094094,0.03940193440722536
4.104104104104104,0.03762160669268527
4.114114114114114,0.03035153664245352
4.124124124124124,0.024666644616053363
4.134134134134134,0.02435960474130658
4.1441441441441444,0.015718036267791006
4.1541541541541545,0.006260508616888584
4.1641641641641645,0.0033134053743583015
4.1741741741741745,-0.007052138498077126
4.1841841841841845,-0.012069918042519896
4.1941941941941945,-0.02080744522010049
4.2042042042042045,-0.022449763807392796
4.2142142142142145,-0.027587271797283316
4.2242242242242245,-0.03484917904006966
4.2342342342342345,-0.03426872753638836
4.2442442442442445,-0.03532613744238461
4.2542542542542545,-0.03282454274545342
4.2642642642642645,-0.03503009025679427
4.2742742742742745,-0.02796925493520899
4.2842842842842845,-0.022328202375225703
4.2942942942942945,-0.022132683806478898
4.3043043043043046,-0.014457732864203479
4.314314314314315,-0.009216654593348216
4.324324324324325,0.0014249968781816689
4.334334334334335,0.010366116120661989
4.344344344344345,0.01849205785196427
4.354354354354355,0.021523358535166123
4.364364364364365,0.029622811870193895
4.374374374374375,0.027506980968737074
4.384384384384385,0.029526665046796765
4.394394394394395,0.03415699505136881
4.404404404404405,0.03499681509908231
4.414414414414415,0.03276234913521444
4.424424424424425,0.025996968514571336
4.434434434434435,0.026080375828351356
4.444444444444445,0.01876258392366629
4.454454454454455,0.0170124477465332
4.464464464464465,0.01012974528534422
4.474474474474475,0.0009164376876895845
4.484484484484485,-0.004890495562500874
4.494494494494495,-0.01243334834877273
4.504504504504505,-0.01643057760213896
4.514514514514515,-0.019688719755142376
4.524524524524525,-0.02796266041779409
4.534534534534535,-0.02830617697169132
4.544544544544545,-0.0325050178149599
4.554554554554555,-0.033892410381176255
4.564564564564565,-0.032090628536290654
4.574574574574575,-0.0322521158455235
4.584584584584585,-0.028406678171960183
4.594594594594595,-0.025749714633499145
4.604604604604605,-0.014581374768257068
4.614614614614615,-0.012899304536842085
4.624624624624625,-0.008356454846329034
4.634634634634635,-0.00028737699408140866
4.644644644644645,0.005280351423215258
4.654654654654655,0.01101477176597694
4.664664664664665,0.01813344970172226
4.674674674674675,0.023152478052271348
4.684684684684685,0.02441017352469585
4.694694694694695,0.027109255300759843
4.704704704704705,0.029353839894817966
4.714714714714715,0.025740261896174267
4.724724724724725,0.026543074113493405
4.734734734734735,0.03036606701148445
4.744744744744745,0.02789719410574088
4.754754754754755,0.02012920794545937
4.764764764764765,0.017011463959285465
4.774774774774775,0.011119002707897367
4.784784784784785,0.010917559223919675
4.794794794794795,0.001118621117865754
4.804804804804805,-0.00716520616847986
4.814814814814815,-0.014288219639865039
4.824824824824825,-0.02052173997244508
4.834834834834835,-0.02110562760520017
4.844844844844845,-0.02633951690196168
4.854854854854855,-0.029971366419551265
4.864864864864865,-0.029622409205816387
4.874874874874875,-0.030558039572762586
4.884884884884885,-0.0239560694518012
4.894894894894895,-0.02342358324871292
4.904904904904905,-0.02207430714635303
4.914914914914915,-0.015117291611859042
4.924924924924925,-0.01325378016899318
4.934934934934935,-0.009966176005536802
4.944944944944945,0.0002543419516392873
4.954954954954955,0.003805213679041777
4.964964964964965,0.006019664413235528
4.974974974974975,0.012715395539074378
4.984984984984985,0.015785804839141857
4.994994994994995,0.01847924432897552
5.005005005005005,0.02593016107131037
5.015015015015015,0.029749024118852444
5.025025025025025,0.023938983669300237
5.035035035035035,0.027597809572363043
5.045045045045045,0.023855211899100965
5.055055055055055,0.02187646435035351
5.065065065065065,0.01846937695528641
5.075075075075075,0.013973150214751992
5.085085085085085,0.011251971929192566
5.095095095095095,0.004539265849474343
5.105105105105105,0.0015811032527935616
5.115115115115115,-0.004221484930491062
5.125125125125125,-0.009554975040350478
5.135135135135135,-0.015447597807927442
5.145145145145145,-0.018762676849761017
5.155155155155155,-0.019342684392798674
5.165165165165165,-0.022240393193920384
5.175175175175175,-0.02664230950777449
5.185185185185185,-0.024939753320477754
5.195195195195195,-0.02308308365433459
5.205205205205205,-0.02639832031693272
5.215215215215215,-0.019541148748524428
5.225225225225225,-0.018720151664158833
5.235235235235235,-0.012354438534743134
5.245245245245245,-0.010617036919454446
5.255255255255255,-0.00796861722786239
5.265265265265265,-0.0027465869265376566
5.275275275275275,0.005412965121292029
5.285285285285285,0.010394647529114136
5.295295295295295,0.01219571477445515
5.305305305305305,0.018820554500882082
5.315315315315315,0.017033127185619983
5.325325325325325,0.022204461456370568
5.335335335335335,0.020990541076632608
5.345345345345345,0.02224475786734239
5.355355355355355,0.02284108113368163
5.365365365365365,0.01932470433201075
5.375375375375375,0.017751895818570892
5.385385385385385,0.01729231038691773
5.395395395395395,0.010302578396021254
5.405405405405405,0.008879065712518931
5.415415415415415,0.00044670334873854597
5.425425425425425,-0.0008076024462724393
5.435435435435435,-0.0034466338729577817
5.445445445445445,-0.015448184871961233
5.455455455455455,-0.015822552860757146
5.465465465465465,-0.016202664397711303
5.475475475475475,-0.02017542252853178
5.485485485485485,-0.020633760107091663
5.495495495495495,-0.023327439995854106
5.505505505505505,-0.02180371291503412
5.515515515515515,-0.021272414352350853
5.525525525525525,-0.01678378962718787
5.535535535535535,-0.016022795400385988
5.545545545545545,-0.012631612022486496
5.555555555555555,-0.010402035631964155
5.565565565565565,-0.006473607164833766
5.575575575575575,-0.002097401263850671
5.585585585585585,0.003837731417626236
5.595595595595595,0.006332520502112369
5.605605605605605,0.011561344327703386
5.615615615615615,0.018472602493987255
5.625625625625625,0.018807596374242747
5.635635635635635,0.018455985921207622
5.645645645645645,0.02277660470813472
5.655655655655655,0.020003445624648404
5.665665665665665,0.01635686669102337
5.675675675675675,0.017220574543540125
5.685685685685685,0.013542966242349788
5.6956956956956954,0.01395719795292763
5.7057057057057055,0.011510383139761075
5.7157157157157155,0.011208662533954323
5.7257257257257255,0.004608181994745953
5.7357357357357355,-0.0005115467759262213
5.7457457457457455,-0.002407164484161318
5.7557557557557555,-0.012287258246358977
5.7657657657657655,-0.010849545896652431
5.7757757757757755,-0.012756849875143663
5.7857857857857855,-0.019640910595783087
5.7957957957957955,-0.016098569359671144
5.8058058058058055,-0.01866632082924643
5.8158158158158155,-0.02035388001915562
5.8258258258258255,-0.017659523421379077
5.8358358358358355,-0.013037285030168662
5.8458458458458455,-0.015179859868302701
5.8558558558558556,-0.012409873149693737
5.865865865865866,-0.010695290687340951
5.875875875875876,-0.007982495653930824
5.885885885885886,-0.0009062661742657435
5.895895895895896,-0.0004907437052876357
5.905905905905906,0.00507410540399056
5.915915915915916,0.007459431364259358
5.925925925925926,0.01249389579507238
5.935935935935936,0.014840576268074411
5.945945945945946,0.018300702626337716
5.955955955955956,0.01659602343666138
5.965965965965966,0.017754761252554662
5.975975975975976,0.016282145110247503
5.985985985985986,0.016570984598235455
5.995995995995996,0.016745630382911682
6.006006006006006,0.015411944369847032
6.016016016016016,0.009424311366170038
6.026026026026026,0.009951155845048363
6.036036036036036,0.007564174136817306
6.046046046046046,0.002154432646477103
6.056056056056056,0.0015311174407922948
6.066066066066066,-0.0072033490238900474
6.076076076076076,-0.01132596675550403
6.086086086086086,-0.015198030420666026
6.096096096096096,-0.010966926504962431
6.106106106106106,-0.014394831094108043
6.116116116116116,-0.01692056822037808
6.126126126126126,-0.016677683848880433
6.136136136136136,-0.019227574201760536
6.146146146146146,-0.011150702770611667
6.156156156156156,-0.014218557847094677
6.166166166166166,-0.012129493110734437
6.176176176176176,-0.008293710624056313
6.186186186186186,-0.005813215339380421
6.196196196196196,-0.00311157894537736
6.206206206206206,-0.0018084436797658567
6.216216216216216,0.004029770533608154
6.226226226226226,0.01001596063464789
6.236236236236236,0.011833840547966757
6.246246246246246,0.014833631364235586
6.256256256256256,0.01264570195383273
6.266266266266266,0.013149867492573533
6.276276276276276,0.01572485533632073
6.286286286286286,0.016292819766902673
6.296296296296296,0.017929252398540284
6.306306306306306,0.011292672391618259
6.316316316316316,0.016097938796731794
6.326326326326326,0.010578354593957657
6.336336336336336,0.007479791472318375
6.346346346346346,0.003437386872928538
6.356356356356356,-0.0009144689093174012
6.366366366366366,0.0009043923421212844
6.376376376376376,-0.0036779639539532213
6.386386386386386,-0.009310416417974924
6.396396396396396,-0.011935583797808175
6.406406406406406,-0.012239244869247512
6.416416416416417,-0.009973914832550945
6.426426426426427,-0.015031868861165098
6.436436436436437,-0.018132708337008308
6.446446446446447,-0.015624916023018336
6.456456456456457,-0.015083716171574
6.466466466466467,-0.018763195653132114
6.476476476476477,-0.011786560166924259
6.486486486486487,-0.009997248255653336
6.496496496496497,-0.0056380813098730175
6.506506506506507,-0.0005679540875730602
6.516516516516517,0.0008995664353725857
6.526526526526527,0.001051587153556097
6.536536536536537,0.0022325320882653657
6.546546546546547,0.01224886554066792
6.556556556556557,0.009573383562599137
6.566566566566567,0.011440656904058709
6.576576576576577,0.012852703893563779
6.586586586586587,0.014260120645913588
6.596596596596597,0.01397894266867563
6.606606606606607,0.012953165561298352
6.616616616616617,0.012279916229111924
6.626626626626627,0.012054973932078798
6.636636636636637,0.009308235998097592
6.646646646646647,0.006844172495580949
6.656656656656657,0.006045421516679306
6.666666666666667,0.0026726840365763477
6.676676676676677,0.0034352103639792944
6.686686686686687,-0.007625149989865175
6.696696696696697,-0.0027762605154254497
6.706706706706707,-0.004884828153712627
6.716716716716717,-0.013628711495278304
6.726726726726727,-0.011878192956835606
6.736736736736737,-0.013187612506678825
6.746746746746747,-0.016006544473975863
6.756756756756757,-0.014963138466928769
6.766766766766767,-0.015309474877309635
6.776776776776777,-0.008746402242805382
6.786786786786787,-0.009061458065094084
6.796796796796797,-0.006647106876596406
6.806806806806807,-0.005652523812138081
6.816816816816817,-0.006994004276987571
6.826826826826827,-0.003255370365949484
6.836836836836837,0.0013695973082292134
6.846846846846847,0.0005075047769391343
6.856856856856857,0.006800802123690479
6.866866866866867,0.007084026157657325
6.876876876876877,0.008686465416580571
6.886886886886887,0.012339096909737095
6.896896896896897,0.012840599727177084
6.906906906906907,0.011781246467352487
6.916916916916917,0.014871085597647778
6.926926926926927,0.00993973146926552
6.936936936936937,0.01240525965688588
6.946946946946947,0.010993972162343131
6.956956956956957,0.0074437293243572785
6.966966966966967,0.00666326376304113
6.976976976976977,0.0012341524596956835
6.986986986986987,0.003179298960749545
6.996996996996997,-0.0014774767396866107
7.007007007007007,-0.004528512153996342
7.017017017017017,-0.003602914655051081
7.027027027027027,-0.00908297518870512
7.037037037037037,-0.012143489356853429
7.047047047047047,-0.01370785015632018
7.057057057057057,-0.01021895706065118
7.067067067067067,-0.014366746521700731
7.077077077077077,-0.008198500193035562
7.087087087087087,-0.015309099480210272
7.097097097097097,-0.006750534623238715
7.107107107107107,-0.008324033011706295
7.117117117117117,-0.007205281264460664
7.127127127127127,-0.00610233238636658
7.137137137137137,-0.0020313764533130075
7.147147147147147,-0.0006269000145772098
7.157157157157157,0.003936769365855063
7.167167167167167,0.0041533794915988385
7.177177177177177,0.0062466202393933225
7.187187187187187,0.006987190880444333
7.197197197197197,0.009047885088229044
7.207207207207207,0.0108486779264636
7.217217217217217,0.007468348527157541
7.227227227227227,0.008409469061800482
7.237237237237237,0.01236592358731519
7.247247247247247,0.010563630355472477
7.257257257257257,0.008794983283809848
7.267267267267267,0.007784749033891742
7.277277277277277,0.006730998157976844
7.287287287287287,0.0030177770760002882
7.297297297297297,0.0004545917431113557
7.307307307307307,0.00025341573444786656
7.317317317317317,-0.004221850491003275
7.327327327327327,-0.003468344395136708
7.337337337337337,-0.009523171596913623
7.347347347347347,-0.005634809802913827
7.357357357357357,-0.008004394097896585
7.367367367367367,-0.009327899446231835
7.377377377377377,-0.008366343609070187
7.387387387387387,-0.007077553554200194
7.397397397397397,-0.008041804639724918
7.407407407407407,-0.013016355246406333
7.4174174174174174,-0.01079229742066868
7.4274274274274275,-0.008062531298753976
7.4374374374374375,-0.00508072663355567
7.4474474474474475,-0.002226782311293858
7.4574574574574575,-0.002727912321475832
7.4674674674674675,0.001117731679880678
7.4774774774774775,0.0012083292392996246
7.4874874874874875,0.0033470202189625226
7.4974974974974975,0.003411102628778802
7.5075075075075075,0.005771481392918885
7.5175175175175175,0.005993892337845268
7.5275275275275275,0.007470182894542586
7.5375375375375375,0.011873231402384655
7.5475475475475475,0.007819867638587613
7.5575575575575575,0.014549848598470163
7.5675675675675675,0.009472172743924943
7.5775775775775776,0.00772442557055345
7.587587587587588,0.0042236503879362584
7.597597597597598,0.005701530713495639
7.607607607607608,0.0013521366864048371
7.617617617617618,0.0008646672090152098
7.627627627627628,0.003848375233753877
7.637637637637638,-0.003290660147448125
7.647647647647648,-0.0024888886664990975
7.657657657657658,-0.007678735199473853
7.667667667667668,-0.007565903658215857
7.677677677677678,-0.0048698709375896414
7.687687687687688,-0.010238982938155066
7.697697697697698,-0.005571666114566724
7.707707707707708,-0.007624983875645305
7.717717717717718,-0.009650897591576215
7.727727727727728,-0.006411506934840395
7.737737737737738,-0.0045829314933214385
7.747747747747748,-0.003885566613821914
7.757757757757758,-0.00667786493250145
7.767767767767768,-0.003271871974424423
7.777777777777778,-0.0005342177460435591
7.787787787787788,0.0015777439774471188
7.797797797797798,0.004650965825631371
7.807807807807808,0.005298952369936476
7.817817817817818,0.003597867126864097
7.827827827827828,0.00809398226369706
7.837837837837838,0.009319513294300865
7.847847847847848,0.00965437022319618
7.857857857857858,0.010789744276616293
7.867867867867868,0.010045386977477231
7.877877877877878,0.008713945234670093
7.887887887887888,0.006767775518855561
7.897897897897898,0.002430933252778083
7.907907907907908,0.0052371657213141545
7.917917917917918,0.0032551609847135347
7.927927927927928,0.0017440815925574833
7.937937937937938,-0.0030261443703541242
7.947947947947948,-0.004276177810899122
7.957957957957958,-0.0015519724343643192
7.967967967967968,-0.00512373357978982
7.977977977977978,-0.004856199499544598
7.987987987987988,-0.007080330503429163
7.997997997997998,-0.00770394332248538
8.008008008008009,-0.006199495525358079
8.018018018018019,-0.009096945153825368
8.028028028028029,-0.0075406203950004564
8.038038038038039,-0.008020400076074324
8.048048048048049,-0.007050588397659015
8.058058058058059,-0.005647032136666973
8.068068068068069,-0.0032406319620852365
8.078078078078079,-0.003162715689563042
8.088088088088089,0.0018619117155396544
8.098098098098099,-0.0008697592845143391
8.108108108108109,0.0020656707642162982
8.118118118118119,0.0029707306822833813
8.128128128128129,0.00799048762123444
8.138138138138139,0.006523264360898248
8.148148148148149,0.008975322708659533
8.158158158158159,0.004440766052316927
8.168168168168169,0.008147354381155391
8.178178178178179,0.009289368525460539
8.188188188188189,0.007273546740839465
8.198198198198199,0.008559166442071092
8.208208208208209,0.004462527136744919
8.218218218218219,0.0071734109649037895
8.228228228228229,0.007645975395944988
8.238238238238239,0.0009051084350612934
8.248248248248249,-0.0007311918272599347
8.258258258258259,0.0016009838736549221
8.268268268268269,0.0004514037251246608
8.278278278278279,-0.005036501434193076
8.288288288288289,-0.005945181391104146
8.298298298298299,-0.006570413310427041
8.308308308308309,-0.009351593008309017
8.318318318318319,-0.008885524774658447
8.328328328328329,-0.009158529380792972
8.338338338338339,-0.008502569895107458
8.348348348348349,-0.0065773388407450875
8.358358358358359,-0.005325262955966088
8.368368368368369,-0.0017535987546465014
8.378378378378379,-0.005726555841780974
8.388388388388389,-0.0004970229156138683
8.398398398398399,-0.0015414471874860658
8.408408408408409,0.00017331763493621654
8.418418418418419,0.002985714302064643
8.428428428428429,0.0006784892041279064
8.438438438438439,0.004850004403339142
8.448448448448449,0.0054075419234915515
8.458458458458459,0.006839196575133247
8.468468468468469,0.006973145032720429
8.478478478478479,0.01158718091994541
8.488488488488489,0.005414985615271128
8.498498498498499,0.005376052908987213
8.508508508508509,0.00468521030215639
8.518518518518519,0.004082026232653452
8.528528528528529,0.002978973062660795
8.538538538538539,0.0055307951091441414
8.548548548548549,0.004776128099000808
8.558558558558559,-0.0004912959088221
8.568568568568569,-0.002315058126620586
8.578578578578579,-0.0009718110546388564
8.588588588588589,-0.004197121689113115
8.598598598598599,-0.002872401358713579
8.608608608608609,-0.004605019911657539
8.618618618618619,-0.008708628371691266
8.62862862862863,-0.0030172138328197003
8.63863863863864,-0.002708896215182274
8.64864864864865,-0.007462469900632045
8.65865865865866,-0.006700898451432811
8.66866866866867,-0.004809093917082856
8.67867867867868,-0.003957498398687223
8.68868868868869,-0.002376857287716718
8.6986986986987,0.0013984627084891
8.70870870870871,-0.0018080725111786118
8.71871871871872,-0.001834461133180605
8.72872872872873,-0.0017804310444388231
8.73873873873874,0.0006838020934029335
8.74874874874875,0.003152182064932252
8.75875875875876,0.00774371747096407
8.76876876876877,0.0038827792220783985
8.77877877877878,0.005927216795341351
8.78878878878879,0.00578593653519064
8.7987987987988,0.008300493930287704
8.80880880880881,0.010845974384773497
8.81881881881882,0.004369373616057635
8.82882882882883,0.003878026100477599
8.83883883883884,0.006182359200011439
8.84884884884885,0.004538148434040458
8.85885885885886,0.005829145248702474
8.86886886886887,0.002188262168267888
8.87887887887888,-0.000845206115366742
8.88888888888889,-7.815338132085431e-05
8.8988988988989,-0.00011575127199085289
8.90890890890891,-0.0016644964673169693
8.91891891891892,-0.0031239459742984092
8.92892892892893,-0.0026668756710938857
8.93893893893894,-0.002927100768168347
8.94894894894895,-0.002753622668854969
8.95895895895896,-0.004251215818532527
8.96896896896897,-0.005692558800349276
8.97897897897898,-0.004662909146189422
8.98898898898899,-0.0019473413962875822
8.998998998999,-0.005229521782564319
9.00900900900901,-0.001956634448984376
9.01901901901902,-0.002478995872757902
9.02902902902903,-0.0005738229593513096
9.03903903903904,0.0030032521294670557
9.04904904904905,0.001879853269511331
9.05905905905906,0.0025738626335229378
9.06906906906907,0.00063805764392797
9.07907907907908,0.005586468925824865
9.08908908908909,0.005952364040651133
9.0990990990991,0.009365350603200946
9.10910910910911,0.004597239721811459
9.11911911911912,0.005616263351243565
9.12912912912913,0.005436159257265679
9.13913913913914,0.0076572028692086114
9.14914914914915,0.003700947535276519
9.15915915915916,0.003688863061696338
9.16916916916917,0.003467396294981273
9.17917917917918,0.0016630331055805191
9.18918918918919,-0.0006084872830831635
9.1991991991992,-0.00033617020280640204
9.20920920920921,0.0004510484944458895
9.21921921921922,-0.004645871642274727
9.22922922922923,-0.003113215080768808
9.23923923923924,-0.00542499166789201
9.24924924924925,-0.0021149707262470134
9.25925925925926,-0.007848678159830792
9.26926926926927,-0.006023948755172663
9.27927927927928,-0.0040594553357633945
9.28928928928929,-0.001399811268863261
9.2992992992993,-0.004201328565981222
9.30930930930931,-0.004560947124783325
9.31931931931932,0.0010633932952560311
9.32932932932933,-0.00474193469289473
9.33933933933934,-0.005323865583984251
9.34934934934935,0.0009029460423879265
9.35935935935936,-4.050290995350988e-05
9.36936936936937,-0.00018401354551987083
9.37937937937938,0.004088932142319127
9.38938938938939,0.0038607778529396535
9.3993993993994,0.0028061772148623484
9.40940940940941,0.0017738728994495436
9.41941941941942,0.0063038963484048915
9.42942942942943,0.005900705623411812
9.43943943943944,0.004259911674756886
9.44944944944945,0.007833249912171276
9.45945945945946,0.0015193407201565716
9.46946946946947,-1.3774158418107443e-05
9.47947947947948,0.000915345092931499
9.48948948948949,0.001384284951376406
9.4994994994995,0.0010862976470044658
9.50950950950951,-0.0007755628696673731
9.51951951951952,-0.00046290801019242226
9.52952952952953,-0.004490623151334494
9.53953953953954,0.00016508219008958078
9.54954954954955,-0.003507472725910236
9.55955955955956,-0.0015913367259368055
9.56956956956957,-0.003467163350201502
9.57957957957958,-0.0033979679169390195
9.58958958958959,-0.0031579927841869073
9.5995995995996,-0.0032172891158878374
9.60960960960961,-0.0024802818672299528
9.61961961961962,-0.0006133843291435022
9.62962962962963,-0.0022583790979919345
9.63963963963964,-0.000512601375646467
9.64964964964965,-0.0013182039898634295
9.65965965965966,0.00257236874380127
9.66966966966967,-0.0008241613710724999
9.67967967967968,0.004939288873087851
9.68968968968969,0.0020062146551639614
9.6996996996997,-0.00011488872850090115
9.70970970970971,0.0035484548243573566
9.71971971971972,0.0023403873004186285
9.72972972972973,0.005643439544806062
9.73973973973974,0.0027568534407620628
9.74974974974975,0.00310726782103651
9.75975975975976,-5.483611266814646e-07
9.76976976976977,0.002504246226428552
9.77977977977978,-0.0019412534574124044
9.78978978978979,-0.0008752881974530427
9.7997997997998,0.003113044011000379
9.80980980980981,0.0024057485952666525
9.81981981981982,0.0008998551571262061
9.82982982982983,-0.002665904825903957
9.83983983983984,-0.0015729172721857857
9.84984984984985,-0.002165510248101443
9.85985985985986,-0.005064542696260305
9.86986986986987,-0.00021649592286810456
9.87987987987988,-0.0018120098633519098
9.88988988988989,-0.004207456059955808
9.8998998998999,-0.0037591450035287326
9.90990990990991,-0.0032914578806763723
9.91991991991992,-0.007540296324506878
9.92992992992993,-0.0035642531395774905
9.93993993993994,-0.003927883033410256
9.94994994994995,-0.003963196221352831
9.95995995995996,-0.0018450350370545212
9.96996996996997,0.0030352996304694475
9.97997997997998,0.0014608921558919227
9.98998998998999,-0.00023689827793438225
10.0,0.0027350604702807276
